observation_date,THREEFYTP10
2016-09-26,-0.1102
2016-09-27,-0.1259
2016-09-28,-0.1292
2016-09-29,-0.1354
2016-09-30,-0.1248
2016-10-03,-0.1135
2016-10-04,-0.0916
2016-10-05,-0.0722
2016-10-06,-0.0527
2016-10-07,-0.0558
2016-10-10,
2016-10-11,-0.0436
2016-10-12,-0.0377
2016-10-13,-0.0449
2016-10-14,-0.0337
2016-10-17,-0.0428
2016-10-18,-0.0524
2016-10-19,-0.0536
2016-10-20,-0.0524
2016-10-21,-0.0550
2016-10-24,-0.0462
2016-10-25,-0.0464
2016-10-26,-0.0350
2016-10-27,-0.0102
2016-10-28,-0.0031
2016-10-31,-0.0099
2016-11-01,-0.0170
2016-11-02,-0.0324
2016-11-03,-0.0337
2016-11-04,-0.0468
2016-11-07,-0.0337
2016-11-08,-0.0132
2016-11-09,0.0633
2016-11-10,0.1131
2016-11-11,
2016-11-14,0.1593
2016-11-15,0.1809
2016-11-16,0.1884
2016-11-17,0.2172
2016-11-18,0.2498
2016-11-21,0.2551
2016-11-22,0.2507
2016-11-23,0.2686
2016-11-24,
2016-11-25,0.2746
2016-11-28,0.2618
2016-11-29,0.2523
2016-11-30,0.2725
2016-12-01,0.3092
2016-12-02,0.2985
2016-12-05,0.2932
2016-12-06,0.2903
2016-12-07,0.2707
2016-12-08,0.2850
2016-12-09,0.3122
2016-12-12,0.3211
2016-12-13,0.3239
2016-12-14,0.3565
2016-12-15,0.3919
2016-12-16,0.3994
2016-12-19,0.3796
2016-12-20,0.3845
2016-12-21,0.3783
2016-12-22,0.3802
2016-12-23,0.3791
2016-12-26,
2016-12-27,0.3878
2016-12-28,0.3689
2016-12-29,0.3509
2016-12-30,0.3322
2017-01-02,
2017-01-03,0.3235
2017-01-04,0.3224
2017-01-05,0.2894
2017-01-06,0.3016
2017-01-09,0.2884
2017-01-10,0.2851
2017-01-11,0.2815
2017-01-12,0.2746
2017-01-13,0.2857
2017-01-16,
2017-01-17,0.2593
2017-01-18,0.2903
2017-01-19,0.3172
2017-01-20,0.3241
2017-01-23,0.2972
2017-01-24,0.3174
2017-01-25,0.3449
2017-01-26,0.3441
2017-01-27,0.3368
2017-01-30,0.3340
2017-01-31,0.3170
2017-02-01,0.3243
2017-02-02,0.3217
2017-02-03,0.3256
2017-02-06,0.2965
2017-02-07,0.2801
2017-02-08,0.2597
2017-02-09,0.2791
2017-02-10,0.2875
2017-02-13,0.2988
2017-02-14,0.3214
2017-02-15,0.3403
2017-02-16,0.3214
2017-02-17,0.3056
2017-02-20,
2017-02-21,0.3014
2017-02-22,0.2970
2017-02-23,0.2805
2017-02-24,0.2497
2017-02-27,0.2654
2017-02-28,0.2697
2017-03-01,0.3007
2017-03-02,0.3155
2017-03-03,0.3100
2017-03-06,0.3060
2017-03-07,0.3020
2017-03-08,0.3253
2017-03-09,0.3470
2017-03-10,0.3436
2017-03-13,0.3511
2017-03-14,0.3457
2017-03-15,0.3074
2017-03-16,0.3083
2017-03-17,0.2997
2017-03-20,0.2822
2017-03-21,0.2592
2017-03-22,0.2442
2017-03-23,0.2420
2017-03-24,0.2363
2017-03-27,0.2272
2017-03-28,0.2411
2017-03-29,0.2286
2017-03-30,0.2391
2017-03-31,0.2325
2017-04-03,0.2076
2017-04-04,0.2025
2017-04-05,0.1889
2017-04-06,0.1882
2017-04-07,0.2047
2017-04-10,0.2000
2017-04-11,0.1728
2017-04-12,0.1573
2017-04-13,0.1348
2017-04-14,
2017-04-17,0.1359
2017-04-18,0.1035
2017-04-19,0.1086
2017-04-20,0.1237
2017-04-21,0.1250
2017-04-24,0.1412
2017-04-25,0.1682
2017-04-26,0.1623
2017-04-27,0.1534
2017-04-28,0.1504
2017-05-01,0.1599
2017-05-02,0.1488
2017-05-03,0.1616
2017-05-04,0.1751
2017-05-05,0.1746
2017-05-08,0.1833
2017-05-09,0.1954
2017-05-10,0.1990
2017-05-11,0.1944
2017-05-12,0.1671
2017-05-15,0.1640
2017-05-16,0.1571
2017-05-17,0.1168
2017-05-18,0.1088
2017-05-19,0.1075
2017-05-22,0.1088
2017-05-23,0.1225
2017-05-24,0.1122
2017-05-25,0.1055
2017-05-26,0.1040
2017-05-29,
2017-05-30,0.0894
2017-05-31,0.0803
2017-06-01,0.0791
2017-06-02,0.0558
2017-06-05,0.0599
2017-06-06,0.0449
2017-06-07,0.0512
2017-06-08,0.0555
2017-06-09,0.0622
2017-06-12,0.0666
2017-06-13,0.0670
2017-06-14,0.0444
2017-06-15,0.0426
2017-06-16,0.0356
2017-06-19,0.0504
2017-06-20,0.0414
2017-06-21,0.0436
2017-06-22,0.0412
2017-06-23,0.0411
2017-06-26,0.0376
2017-06-27,0.0597
2017-06-28,0.0661
2017-06-29,0.0854
2017-06-30,0.1051
2017-07-03,0.1283
2017-07-04,
2017-07-05,0.1278
2017-07-06,0.1417
2017-07-07,0.1533
2017-07-10,0.1497
2017-07-11,0.1441
2017-07-12,0.1258
2017-07-13,0.1295
2017-07-14,0.1220
2017-07-17,0.1135
2017-07-18,0.0968
2017-07-19,0.0906
2017-07-20,0.0829
2017-07-21,0.0706
2017-07-24,0.0723
2017-07-25,0.0991
2017-07-26,0.0877
2017-07-27,0.0954
2017-07-28,0.0946
2017-07-31,0.0970
2017-08-01,0.0834
2017-08-02,0.0829
2017-08-03,0.0702
2017-08-04,0.0792
2017-08-07,0.0817
2017-08-08,0.0898
2017-08-09,0.0762
2017-08-10,0.0614
2017-08-11,0.0476
2017-08-14,0.0594
2017-08-15,0.0795
2017-08-16,0.0713
2017-08-17,0.0579
2017-08-18,0.0553
2017-08-21,0.0517
2017-08-22,0.0629
2017-08-23,0.0503
2017-08-24,0.0548
2017-08-25,0.0485
2017-08-28,0.0416
2017-08-29,0.0251
2017-08-30,0.0262
2017-08-31,0.0187
2017-09-01,0.0308
2017-09-04,
2017-09-05,-0.0022
2017-09-06,-0.0031
2017-09-07,-0.0258
2017-09-08,-0.0282
2017-09-11,0.0001
2017-09-12,0.0211
2017-09-13,0.0376
2017-09-14,0.0443
2017-09-15,0.0519
2017-09-18,0.0626
2017-09-19,0.0688
2017-09-20,0.0891
2017-09-21,0.0916
2017-09-22,0.0890
2017-09-25,0.0704
2017-09-26,0.0728
2017-09-27,0.0946
2017-09-28,0.0991
2017-09-29,0.1117
2017-10-02,0.1210
2017-10-03,0.1159
2017-10-04,0.1136
2017-10-05,0.1212
2017-10-06,0.1318
2017-10-09,
2017-10-10,0.1226
2017-10-11,0.1178
2017-10-12,0.1110
2017-10-13,0.0926
2017-10-16,0.0987
2017-10-17,0.1013
2017-10-18,0.1162
2017-10-19,0.1144
2017-10-20,0.1338
2017-10-23,0.1334
2017-10-24,0.1479
2017-10-25,0.1582
2017-10-26,0.1692
2017-10-27,0.1590
2017-10-30,0.1391
2017-10-31,0.1347
2017-11-01,0.1281
2017-11-02,0.1182
2017-11-03,0.1092
2017-11-06,0.0988
2017-11-07,0.0905
2017-11-08,0.0927
2017-11-09,0.0920
2017-11-10,0.1177
2017-11-13,0.1278
2017-11-14,0.1218
2017-11-15,0.1036
2017-11-16,0.1100
2017-11-17,0.1037
2017-11-20,0.1097
2017-11-21,0.1112
2017-11-22,0.0938
2017-11-23,
2017-11-24,0.0959
2017-11-27,0.0914
2017-11-28,0.0923
2017-11-29,0.1056
2017-11-30,0.1290
2017-12-01,0.1212
2017-12-04,0.1236
2017-12-05,0.1185
2017-12-06,0.1015
2017-12-07,0.1107
2017-12-08,0.1171
2017-12-11,0.1208
2017-12-12,0.1249
2017-12-13,0.1073
2017-12-14,0.1047
2017-12-15,0.1069
2017-12-18,0.1120
2017-12-19,0.1379
2017-12-20,0.1561
2017-12-21,0.1611
2017-12-22,0.1649
2017-12-25,
2017-12-26,0.1538
2017-12-27,0.1309
2017-12-28,0.1321
2017-12-29,0.1233
2018-01-01,
2018-01-02,0.1341
2018-01-03,0.1334
2018-01-04,0.1390
2018-01-05,0.1485
2018-01-08,0.1504
2018-01-09,0.1711
2018-01-10,0.1780
2018-01-11,0.1787
2018-01-12,0.1865
2018-01-15,
2018-01-16,0.1844
2018-01-17,0.1952
2018-01-18,0.2135
2018-01-19,0.2284
2018-01-22,0.2374
2018-01-23,0.2268
2018-01-24,0.2337
2018-01-25,0.2278
2018-01-26,0.2445
2018-01-29,0.2568
2018-01-30,0.2696
2018-01-31,0.2742
2018-02-01,0.2969
2018-02-02,0.3204
2018-02-05,0.2957
2018-02-06,0.2958
2018-02-07,0.3147
2018-02-08,0.3200
2018-02-09,0.3075
2018-02-12,0.3135
2018-02-13,0.3046
2018-02-14,0.3406
2018-02-15,0.3446
2018-02-16,0.3347
2018-02-19,
2018-02-20,0.3309
2018-02-21,0.3478
2018-02-22,0.3445
2018-02-23,0.3275
2018-02-26,0.3115
2018-02-27,0.3268
2018-02-28,0.3210
2018-03-01,0.2970
2018-03-02,0.3098
2018-03-05,0.3157
2018-03-06,0.3174
2018-03-07,0.3190
2018-03-08,0.3103
2018-03-09,0.3190
2018-03-12,0.3089
2018-03-13,0.2937
2018-03-14,0.2775
2018-03-15,0.2729
2018-03-16,0.2797
2018-03-19,0.2788
2018-03-20,0.2913
2018-03-21,0.2993
2018-03-22,0.2806
2018-03-23,0.2708
2018-03-26,0.2779
2018-03-27,0.2510
2018-03-28,0.2479
2018-03-29,0.2350
2018-03-30,
2018-04-02,0.2252
2018-04-03,0.2439
2018-04-04,0.2548
2018-04-05,0.2701
2018-04-06,0.2515
2018-04-09,0.2496
2018-04-10,0.2569
2018-04-11,0.2526
2018-04-12,0.2719
2018-04-13,0.2731
2018-04-16,0.2736
2018-04-17,0.2662
2018-04-18,0.2833
2018-04-19,0.3036
2018-04-20,0.3251
2018-04-23,0.3371
2018-04-24,0.3415
2018-04-25,0.3548
2018-04-26,0.3513
2018-04-27,0.3396
2018-04-30,0.3293
2018-05-01,0.3333
2018-05-02,0.3324
2018-05-03,0.3240
2018-05-04,0.3269
2018-05-07,0.3264
2018-05-08,0.3339
2018-05-09,0.3463
2018-05-10,0.3419
2018-05-11,0.3386
2018-05-14,0.3420
2018-05-15,0.3721
2018-05-16,0.3866
2018-05-17,0.3950
2018-05-18,0.3810
2018-05-21,0.3743
2018-05-22,0.3719
2018-05-23,0.3486
2018-05-24,0.3338
2018-05-25,0.3136
2018-05-28,
2018-05-29,0.2376
2018-05-30,0.2491
2018-05-31,0.2481
2018-06-01,0.2734
2018-06-04,0.2935
2018-06-05,0.2867
2018-06-06,0.3083
2018-06-07,0.2972
2018-06-08,0.2956
2018-06-11,0.3049
2018-06-12,0.3137
2018-06-13,0.3279
2018-06-14,0.3165
2018-06-15,0.3103
2018-06-18,0.3045
2018-06-19,0.2877
2018-06-20,0.2972
2018-06-21,0.2888
2018-06-22,0.2883
2018-06-25,0.2763
2018-06-26,0.2733
2018-06-27,0.2558
2018-06-28,0.2571
2018-06-29,0.2603
2018-07-02,0.2638
2018-07-03,0.2505
2018-07-04,
2018-07-05,0.2507
2018-07-06,0.2429
2018-07-09,0.2529
2018-07-10,0.2599
2018-07-11,0.2534
2018-07-12,0.2534
2018-07-13,0.2443
2018-07-16,0.2457
2018-07-17,0.2495
2018-07-18,0.2540
2018-07-19,0.2441
2018-07-20,0.2591
2018-07-23,0.2889
2018-07-24,0.2910
2018-07-25,0.2890
2018-07-26,0.3089
2018-07-27,0.3051
2018-07-30,0.3056
2018-07-31,0.2979
2018-08-01,0.3112
2018-08-02,0.3074
2018-08-03,0.2933
2018-08-06,0.2813
2018-08-07,0.2908
2018-08-08,0.2914
2018-08-09,0.2767
2018-08-10,0.2508
2018-08-13,0.2432
2018-08-14,0.2464
2018-08-15,0.2337
2018-08-16,0.2353
2018-08-17,0.2357
2018-08-20,0.2156
2018-08-21,0.2183
2018-08-22,0.2095
2018-08-23,0.2084
2018-08-24,0.2097
2018-08-27,0.2165
2018-08-28,0.2295
2018-08-29,0.2347
2018-08-30,0.2242
2018-08-31,0.2206
2018-09-03,
2018-09-04,0.2335
2018-09-05,0.2343
2018-09-06,0.2277
2018-09-07,0.2523
2018-09-10,0.2544
2018-09-11,0.2720
2018-09-12,0.2709
2018-09-13,0.2717
2018-09-14,0.2830
2018-09-17,0.2829
2018-09-18,0.3029
2018-09-19,0.3183
2018-09-20,0.3206
2018-09-21,0.3188
2018-09-24,0.3192
2018-09-25,0.3262
2018-09-26,0.3161
2018-09-27,0.3136
2018-09-28,0.3096
2018-10-01,0.3163
2018-10-02,0.3056
2018-10-03,0.3360
2018-10-04,0.3613
2018-10-05,0.3826
2018-10-08,
2018-10-09,0.3767
2018-10-10,0.3751
2018-10-11,0.3502
2018-10-12,0.3435
2018-10-15,0.3427
2018-10-16,0.3409
2018-10-17,0.3506
2018-10-18,0.3459
2018-10-19,0.3570
2018-10-22,0.3544
2018-10-23,0.3420
2018-10-24,0.3089
2018-10-25,0.3160
2018-10-26,0.2930
2018-10-29,0.2856
2018-10-30,0.2978
2018-10-31,0.3160
2018-11-01,0.3154
2018-11-02,0.3460
2018-11-05,0.3451
2018-11-06,0.3517
2018-11-07,0.3569
2018-11-08,0.3671
2018-11-09,0.3512
2018-11-12,
2018-11-13,0.3214
2018-11-14,0.3031
2018-11-15,0.2935
2018-11-16,0.2780
2018-11-19,0.2638
2018-11-20,0.2612
2018-11-21,0.2632
2018-11-22,
2018-11-23,0.2569
2018-11-26,0.2619
2018-11-27,0.2596
2018-11-28,0.2516
2018-11-29,0.2469
2018-11-30,0.2380
2018-12-03,0.2277
2018-12-04,0.1935
2018-12-05,
2018-12-06,0.1682
2018-12-07,0.1482
2018-12-10,0.1409
2018-12-11,0.1564
2018-12-12,0.1647
2018-12-13,0.1616
2018-12-14,0.1540
2018-12-17,0.1383
2018-12-18,0.1231
2018-12-19,0.1022
2018-12-20,0.1073
2018-12-21,0.1060
2018-12-24,0.0817
2018-12-25,
2018-12-26,0.1042
2018-12-27,0.0923
2018-12-28,0.0734
2018-12-31,0.0497
2019-01-01,
2019-01-02,0.0327
2019-01-03,-0.0143
2019-01-04,0.0184
2019-01-07,0.0371
2019-01-08,0.0535
2019-01-09,0.0587
2019-01-10,0.0618
2019-01-11,0.0524
2019-01-14,0.0495
2019-01-15,0.0508
2019-01-16,0.0587
2019-01-17,0.0738
2019-01-18,0.0942
2019-01-21,
2019-01-22,0.0792
2019-01-23,0.0816
2019-01-24,0.0703
2019-01-25,0.0817
2019-01-28,0.0793
2019-01-29,0.0641
2019-01-30,0.0480
2019-01-31,0.0182
2019-02-01,0.0421
2019-02-04,0.0590
2019-02-05,0.0549
2019-02-06,0.0496
2019-02-07,0.0302
2019-02-08,0.0182
2019-02-11,0.0231
2019-02-12,0.0351
2019-02-13,0.0497
2019-02-14,0.0336
2019-02-15,0.0337
2019-02-18,
2019-02-19,0.0243
2019-02-20,0.0211
2019-02-21,0.0351
2019-02-22,0.0245
2019-02-25,0.0268
2019-02-26,0.0158
2019-02-27,0.0319
2019-02-28,0.0520
2019-03-01,0.0728
2019-03-04,0.0619
2019-03-05,0.0574
2019-03-06,0.0415
2019-03-07,0.0184
2019-03-08,0.0042
2019-03-11,0.0063
2019-03-12,-0.0064
2019-03-13,-0.0073
2019-03-14,0.0006
2019-03-15,-0.0109
2019-03-18,-0.0072
2019-03-19,-0.0046
2019-03-20,-0.0326
2019-03-21,-0.0408
2019-03-22,-0.0806
2019-03-25,-0.1010
2019-03-26,-0.1151
2019-03-27,-0.1227
2019-03-28,-0.1167
2019-03-29,-0.1050
2019-04-01,-0.0705
2019-04-02,-0.0685
2019-04-03,-0.0526
2019-04-04,-0.0513
2019-04-05,-0.0535
2019-04-08,-0.0475
2019-04-09,-0.0523
2019-04-10,-0.0660
2019-04-11,-0.0564
2019-04-12,-0.0306
2019-04-15,-0.0276
2019-04-16,-0.0110
2019-04-17,-0.0073
2019-04-18,-0.0164
2019-04-19,
2019-04-22,-0.0106
2019-04-23,-0.0180
2019-04-24,-0.0385
2019-04-25,-0.0381
2019-04-26,-0.0511
2019-04-29,-0.0433
2019-04-30,-0.0546
2019-05-01,-0.0475
2019-05-02,-0.0351
2019-05-03,-0.0372
2019-05-06,-0.0505
2019-05-07,-0.0733
2019-05-08,-0.0654
2019-05-09,-0.0786
2019-05-10,-0.0747
2019-05-13,-0.1033
2019-05-14,-0.0998
2019-05-15,-0.1189
2019-05-16,-0.1123
2019-05-17,-0.1128
2019-05-20,-0.1013
2019-05-21,-0.0886
2019-05-22,-0.1011
2019-05-23,-0.1376
2019-05-24,-0.1384
2019-05-27,
2019-05-28,-0.1628
2019-05-29,-0.1745
2019-05-30,-0.1915
2019-05-31,-0.2298
2019-06-03,-0.2718
2019-06-04,-0.2538
2019-06-05,-0.2525
2019-06-06,-0.2410
2019-06-07,-0.2477
2019-06-10,-0.2238
2019-06-11,-0.2141
2019-06-12,-0.2237
2019-06-13,-0.2359
2019-06-14,-0.2359
2019-06-17,-0.2378
2019-06-18,-0.2491
2019-06-19,-0.2678
2019-06-20,-0.2728
2019-06-21,-0.2448
2019-06-24,-0.2584
2019-06-25,-0.2686
2019-06-26,-0.2492
2019-06-27,-0.2617
2019-06-28,-0.2680
2019-07-01,-0.2605
2019-07-02,-0.2790
2019-07-03,-0.2930
2019-07-04,
2019-07-05,-0.2610
2019-07-08,-0.2542
2019-07-09,-0.2450
2019-07-10,-0.2500
2019-07-11,-0.2223
2019-07-12,-0.2167
2019-07-15,-0.2203
2019-07-16,-0.2059
2019-07-17,-0.2246
2019-07-18,-0.2418
2019-07-19,-0.2372
2019-07-22,-0.2363
2019-07-23,-0.2277
2019-07-24,-0.2350
2019-07-25,-0.2270
2019-07-26,-0.2268
2019-07-29,-0.2357
2019-07-30,-0.2347
2019-07-31,-0.2398
2019-08-01,-0.2996
2019-08-02,-0.3223
2019-08-05,-0.3719
2019-08-06,-0.3910
2019-08-07,-0.3990
2019-08-08,-0.3943
2019-08-09,-0.3813
2019-08-12,-0.4119
2019-08-13,-0.3974
2019-08-14,-0.4220
2019-08-15,-0.4539
2019-08-16,-0.4504
2019-08-19,-0.4303
2019-08-20,-0.4469
2019-08-21,-0.4336
2019-08-22,-0.4231
2019-08-23,-0.4583
2019-08-26,-0.4583
2019-08-27,-0.4786
2019-08-28,-0.4910
2019-08-29,-0.4814
2019-08-30,-0.4838
2019-09-02,
2019-09-03,-0.4967
2019-09-04,-0.5043
2019-09-05,-0.4616
2019-09-06,-0.4557
2019-09-09,-0.4246
2019-09-10,-0.3798
2019-09-11,-0.3596
2019-09-12,-0.3348
2019-09-13,-0.2862
2019-09-16,-0.2994
2019-09-17,-0.3146
2019-09-18,-0.3120
2019-09-19,-0.3195
2019-09-20,-0.3399
2019-09-23,-0.3567
2019-09-24,-0.3907
2019-09-25,-0.3628
2019-09-26,-0.3579
2019-09-27,-0.3619
2019-09-30,-0.3677
2019-10-01,-0.3801
2019-10-02,-0.4011
2019-10-03,-0.4267
2019-10-04,-0.4325
2019-10-07,-0.4193
2019-10-08,-0.4255
2019-10-09,-0.4046
2019-10-10,-0.3669
2019-10-11,-0.3152
2019-10-14,
2019-10-15,-0.2986
2019-10-16,-0.3006
2019-10-17,-0.2951
2019-10-18,-0.2953
2019-10-21,-0.2787
2019-10-22,-0.2791
2019-10-23,-0.2828
2019-10-24,-0.2821
2019-10-25,-0.2698
2019-10-28,-0.2484
2019-10-29,-0.2436
2019-10-30,-0.2618
2019-10-31,-0.2973
2019-11-01,-0.2878
2019-11-04,-0.2626
2019-11-05,-0.2293
2019-11-06,-0.2353
2019-11-07,-0.1912
2019-11-08,-0.1730
2019-11-11,
2019-11-12,-0.1783
2019-11-13,-0.1960
2019-11-14,-0.2227
2019-11-15,-0.2231
2019-11-18,-0.2335
2019-11-19,-0.2429
2019-11-20,-0.2660
2019-11-21,-0.2559
2019-11-22,-0.2539
2019-11-25,-0.2586
2019-11-26,-0.2715
2019-11-27,-0.2612
2019-11-28,
2019-11-29,-0.2569
2019-12-02,-0.2392
2019-12-03,-0.2759
2019-12-04,-0.2605
2019-12-05,-0.2453
2019-12-06,-0.2216
2019-12-09,-0.2180
2019-12-10,-0.2118
2019-12-11,-0.2311
2019-12-12,-0.1952
2019-12-13,-0.2164
2019-12-16,-0.1979
2019-12-17,-0.1934
2019-12-18,-0.1788
2019-12-19,-0.1771
2019-12-20,-0.1749
2019-12-23,-0.1713
2019-12-24,-0.1823
2019-12-25,
2019-12-26,-0.1855
2019-12-27,-0.1986
2019-12-30,-0.1981
2019-12-31,-0.1876
2020-01-01,
2020-01-02,-0.1979
2020-01-03,-0.2283
2020-01-06,-0.2336
2020-01-07,-0.2286
2020-01-08,-0.2099
2020-01-09,-0.2130
2020-01-10,-0.2218
2020-01-13,-0.2199
2020-01-14,-0.2308
2020-01-15,-0.2469
2020-01-16,-0.2403
2020-01-17,-0.2327
2020-01-20,
2020-01-21,-0.2530
2020-01-22,-0.2595
2020-01-23,-0.2737
2020-01-24,-0.2922
2020-01-27,-0.3335
2020-01-28,-0.3319
2020-01-29,-0.3544
2020-01-30,-0.3707
2020-01-31,-0.3998
2020-02-03,-0.3972
2020-02-04,-0.3693
2020-02-05,-0.3428
2020-02-06,-0.3407
2020-02-07,-0.3592
2020-02-10,-0.3781
2020-02-11,-0.3705
2020-02-12,-0.3513
2020-02-13,-0.3518
2020-02-14,-0.3597
2020-02-17,
2020-02-18,-0.3751
2020-02-19,-0.3732
2020-02-20,-0.3901
2020-02-21,-0.4188
2020-02-24,-0.4565
2020-02-25,-0.4858
2020-02-26,-0.4930
2020-02-27,-0.4994
2020-02-28,-0.5573
2020-03-02,-0.5512
2020-03-03,-0.5637
2020-03-04,-0.5392
2020-03-05,-0.5438
2020-03-06,-0.5686
2020-03-09,-0.6096
2020-03-10,-0.5344
2020-03-11,-0.5080
2020-03-12,-0.4737
2020-03-13,-0.4354
2020-03-16,-0.5043
2020-03-17,-0.4117
2020-03-18,-0.3004
2020-03-19,-0.2910
2020-03-20,-0.3546
2020-03-23,-0.4429
2020-03-24,-0.4242
2020-03-25,-0.4159
2020-03-26,-0.4300
2020-03-27,-0.4761
2020-03-30,-0.5058
2020-03-31,-0.5203
2020-04-01,-0.5479
2020-04-02,-0.5509
2020-04-03,-0.5542
2020-04-06,-0.5392
2020-04-07,-0.5176
2020-04-08,-0.5156
2020-04-09,-0.5377
2020-04-10,
2020-04-13,-0.5347
2020-04-14,-0.5371
2020-04-15,-0.5740
2020-04-16,-0.5840
2020-04-17,-0.5717
2020-04-20,-0.5767
2020-04-21,-0.5885
2020-04-22,-0.5768
2020-04-23,-0.5776
2020-04-24,-0.5799
2020-04-27,-0.5610
2020-04-28,-0.5715
2020-04-29,-0.5744
2020-04-30,-0.5691
2020-05-01,-0.5682
2020-05-04,-0.5728
2020-05-05,-0.5703
2020-05-06,-0.5556
2020-05-07,-0.5848
2020-05-08,-0.5736
2020-05-11,-0.5593
2020-05-12,-0.5674
2020-05-13,-0.5830
2020-05-14,-0.5918
2020-05-15,-0.5894
2020-05-18,-0.5600
2020-05-19,-0.5629
2020-05-20,-0.5684
2020-05-21,-0.5698
2020-05-22,-0.5787
2020-05-25,
2020-05-26,-0.5722
2020-05-27,-0.5768
2020-05-28,-0.5741
2020-05-29,-0.5904
2020-06-01,-0.5922
2020-06-02,-0.5869
2020-06-03,-0.5583
2020-06-04,-0.5345
2020-06-05,-0.4952
2020-06-08,-0.4925
2020-06-09,-0.5105
2020-06-10,-0.5455
2020-06-11,-0.5767
2020-06-12,-0.5760
2020-06-15,-0.5773
2020-06-16,-0.5665
2020-06-17,-0.5676
2020-06-18,-0.5748
2020-06-19,-0.5772
2020-06-22,-0.5763
2020-06-23,-0.5756
2020-06-24,-0.5837
2020-06-25,-0.5852
2020-06-26,-0.5986
2020-06-29,-0.6082
2020-06-30,-0.6055
2020-07-01,-0.5934
2020-07-02,-0.5953
2020-07-03,
2020-07-06,-0.5905
2020-07-07,-0.6023
2020-07-08,-0.6027
2020-07-09,-0.6144
2020-07-10,-0.6057
2020-07-13,-0.6074
2020-07-14,-0.6126
2020-07-15,-0.6127
2020-07-16,-0.6139
2020-07-17,-0.6090
2020-07-20,-0.6110
2020-07-21,-0.6176
2020-07-22,-0.6206
2020-07-23,-0.6238
2020-07-24,-0.6238
2020-07-27,-0.6158
2020-07-28,-0.6253
2020-07-29,-0.6309
2020-07-30,-0.6417
2020-07-31,-0.6471
2020-08-03,-0.6458
2020-08-04,-0.6587
2020-08-05,-0.6519
2020-08-06,-0.6527
2020-08-07,-0.6443
2020-08-10,-0.6385
2020-08-11,-0.6187
2020-08-12,-0.5991
2020-08-13,-0.5826
2020-08-14,-0.5810
2020-08-17,-0.5868
2020-08-18,-0.5933
2020-08-19,-0.5932
2020-08-20,-0.6026
2020-08-21,-0.6063
2020-08-24,-0.6037
2020-08-25,-0.5933
2020-08-26,-0.5889
2020-08-27,-0.5721
2020-08-28,-0.5723
2020-08-31,-0.5781
2020-09-01,-0.5926
2020-09-02,-0.6008
2020-09-03,-0.6140
2020-09-04,-0.5878
2020-09-07,
2020-09-08,-0.5932
2020-09-09,-0.5913
2020-09-10,-0.5975
2020-09-11,-0.6019
2020-09-14,-0.6009
2020-09-15,-0.6001
2020-09-16,-0.5961
2020-09-17,-0.5935
2020-09-18,-0.5890
2020-09-21,-0.5938
2020-09-22,-0.5971
2020-09-23,-0.5968
2020-09-24,-0.5983
2020-09-25,-0.6024
2020-09-28,-0.6034
2020-09-29,-0.6068
2020-09-30,-0.5978
2020-10-01,-0.5961
2020-10-02,-0.5889
2020-10-05,-0.5618
2020-10-06,-0.5601
2020-10-07,-0.5446
2020-10-08,-0.5497
2020-10-09,-0.5449
2020-10-12,
2020-10-13,-0.5607
2020-10-14,-0.5689
2020-10-15,-0.5662
2020-10-16,-0.5626
2020-10-19,-0.5544
2020-10-20,-0.5427
2020-10-21,-0.5322
2020-10-22,-0.5141
2020-10-23,-0.5131
2020-10-26,-0.5250
2020-10-27,-0.5352
2020-10-28,-0.5381
2020-10-29,-0.5198
2020-10-30,-0.5045
2020-11-02,-0.5034
2020-11-03,-0.4944
2020-11-04,-0.5281
2020-11-05,-0.5356
2020-11-06,-0.5249
2020-11-09,-0.4818
2020-11-10,-0.4599
2020-11-11,
2020-11-12,-0.4850
2020-11-13,-0.4863
2020-11-16,-0.4837
2020-11-17,-0.4956
2020-11-18,-0.4932
2020-11-19,-0.4987
2020-11-20,-0.5060
2020-11-23,-0.5011
2020-11-24,-0.4949
2020-11-25,-0.4938
2020-11-26,
2020-11-27,-0.5053
2020-11-30,-0.5084
2020-12-01,-0.4835
2020-12-02,-0.4703
2020-12-03,-0.4740
2020-12-04,-0.4621
2020-12-07,-0.4708
2020-12-08,-0.4775
2020-12-09,-0.4707
2020-12-10,-0.4793
2020-12-11,-0.4893
2020-12-14,-0.4924
2020-12-15,-0.4865
2020-12-16,-0.4854
2020-12-17,-0.4794
2020-12-18,-0.4747
2020-12-21,-0.4728
2020-12-22,-0.4808
2020-12-23,-0.4728
2020-12-24,-0.4771
2020-12-25,
2020-12-28,-0.4799
2020-12-29,-0.4805
2020-12-30,-0.4819
2020-12-31,-0.4849
2021-01-01,
2021-01-04,-0.4881
2021-01-05,-0.4793
2021-01-06,-0.4475
2021-01-07,-0.4236
2021-01-08,-0.4005
2021-01-11,-0.3852
2021-01-12,-0.3809
2021-01-13,-0.3927
2021-01-14,-0.3834
2021-01-15,-0.3951
2021-01-18,
2021-01-19,-0.4013
2021-01-20,-0.4036
2021-01-21,-0.3986
2021-01-22,-0.4035
2021-01-25,-0.4199
2021-01-26,-0.4235
2021-01-27,-0.4295
2021-01-28,-0.4219
2021-01-29,-0.4041
2021-02-01,-0.4090
2021-02-02,-0.3998
2021-02-03,-0.3854
2021-02-04,-0.3787
2021-02-05,-0.3671
2021-02-08,-0.3611
2021-02-09,-0.3611
2021-02-10,-0.3721
2021-02-11,-0.3723
2021-02-12,-0.3555
2021-02-15,
2021-02-16,-0.3167
2021-02-17,-0.3047
2021-02-18,-0.2999
2021-02-19,-0.2810
2021-02-22,-0.2651
2021-02-23,-0.2620
2021-02-24,-0.2515
2021-02-25,-0.1743
2021-02-26,-0.1807
2021-03-01,-0.1900
2021-03-02,-0.2057
2021-03-03,-0.1887
2021-03-04,-0.1585
2021-03-05,-0.1425
2021-03-08,-0.1189
2021-03-09,-0.1271
2021-03-10,-0.1398
2021-03-11,-0.1430
2021-03-12,-0.1082
2021-03-15,-0.1034
2021-03-16,-0.1021
2021-03-17,-0.1044
2021-03-18,-0.0738
2021-03-19,-0.0515
2021-03-22,-0.0610
2021-03-23,-0.0808
2021-03-24,-0.0930
2021-03-25,-0.0944
2021-03-26,-0.0804
2021-03-29,-0.0587
2021-03-30,-0.0481
2021-03-31,-0.0374
2021-04-01,-0.0473
2021-04-02,-0.0318
2021-04-05,-0.0335
2021-04-06,-0.0569
2021-04-07,-0.0623
2021-04-08,-0.0780
2021-04-09,-0.0716
2021-04-12,-0.0639
2021-04-13,-0.0816
2021-04-14,-0.0809
2021-04-15,-0.1094
2021-04-16,-0.1065
2021-04-19,-0.1005
2021-04-20,-0.1124
2021-04-21,-0.1189
2021-04-22,-0.1217
2021-04-23,-0.1149
2021-04-26,-0.1114
2021-04-27,-0.0940
2021-04-28,-0.0908
2021-04-29,-0.0846
2021-04-30,-0.0826
2021-05-03,-0.0924
2021-05-04,-0.1006
2021-05-05,-0.1119
2021-05-06,-0.1159
2021-05-07,-0.1191
2021-05-10,-0.1115
2021-05-11,-0.1029
2021-05-12,-0.0765
2021-05-13,-0.0785
2021-05-14,-0.0861
2021-05-17,-0.0856
2021-05-18,-0.0878
2021-05-19,-0.0721
2021-05-20,-0.0858
2021-05-21,-0.0870
2021-05-24,-0.0952
2021-05-25,-0.1150
2021-05-26,-0.1180
2021-05-27,-0.1089
2021-05-28,-0.1156
2021-05-31,
2021-06-01,-0.1060
2021-06-02,-0.1105
2021-06-03,-0.0966
2021-06-04,-0.1173
2021-06-07,-0.1210
2021-06-08,-0.1344
2021-06-09,-0.1517
2021-06-10,-0.1699
2021-06-11,-0.1681
2021-06-14,-0.1543
2021-06-15,-0.1492
2021-06-16,-0.1173
2021-06-17,-0.1198
2021-06-18,-0.1365
2021-06-21,-0.1317
2021-06-22,-0.1387
2021-06-23,-0.1332
2021-06-24,-0.1312
2021-06-25,-0.1179
2021-06-28,-0.1302
2021-06-29,-0.1336
2021-06-30,-0.1466
2021-07-01,-0.1415
2021-07-02,-0.1545
2021-07-05,
2021-07-06,-0.1832
2021-07-07,-0.2054
2021-07-08,-0.2278
2021-07-09,-0.2116
2021-07-12,-0.2032
2021-07-13,-0.1852
2021-07-14,-0.2003
2021-07-15,-0.2204
2021-07-16,-0.2240
2021-07-19,-0.2673
2021-07-20,-0.2755
2021-07-21,-0.2545
2021-07-22,-0.2597
2021-07-23,-0.2523
2021-07-26,-0.2498
2021-07-27,-0.2623
2021-07-28,-0.2628
2021-07-29,-0.2570
2021-07-30,-0.2680
2021-08-02,-0.2882
2021-08-03,-0.2986
2021-08-04,-0.2987
2021-08-05,-0.2811
2021-08-06,-0.2517
2021-08-09,-0.2347
2021-08-10,-0.2165
2021-08-11,-0.2153
2021-08-12,-0.2063
2021-08-13,-0.2244
2021-08-16,-0.2440
2021-08-17,-0.2468
2021-08-18,-0.2456
2021-08-19,-0.2518
2021-08-20,-0.2471
2021-08-23,-0.2508
2021-08-24,-0.2393
2021-08-25,-0.2190
2021-08-26,-0.2119
2021-08-27,-0.2233
2021-08-30,-0.2350
2021-08-31,-0.2339
2021-09-01,-0.2337
2021-09-02,-0.2369
2021-09-03,-0.2295
2021-09-06,
2021-09-07,-0.2107
2021-09-08,-0.2155
2021-09-09,-0.2268
2021-09-10,-0.2163
2021-09-13,-0.2205
2021-09-14,-0.2348
2021-09-15,-0.2300
2021-09-16,-0.2146
2021-09-17,-0.1965
2021-09-20,-0.2121
2021-09-21,-0.2110
2021-09-22,-0.2083
2021-09-23,-0.1731
2021-09-24,-0.1448
2021-09-27,-0.1278
2021-09-28,-0.1048
2021-09-29,-0.0969
2021-09-30,-0.1031
2021-10-01,-0.1222
2021-10-04,-0.1227
2021-10-05,-0.1072
2021-10-06,-0.1038
2021-10-07,-0.0862
2021-10-08,-0.0688
2021-10-11,
2021-10-12,-0.0653
2021-10-13,-0.0676
2021-10-14,-0.0836
2021-10-15,-0.0606
2021-10-18,-0.0499
2021-10-19,-0.0333
2021-10-20,-0.0286
2021-10-21,-0.0060
2021-10-22,-0.0077
2021-10-25,-0.0183
2021-10-26,-0.0236
2021-10-27,-0.0486
2021-10-28,-0.0429
2021-10-29,-0.0441
2021-11-01,-0.0342
2021-11-02,-0.0500
2021-11-03,-0.0381
2021-11-04,-0.0673
2021-11-05,-0.1019
2021-11-08,-0.0839
2021-11-09,-0.1019
2021-11-10,-0.0558
2021-11-11,
2021-11-12,-0.0373
2021-11-15,-0.0172
2021-11-16,-0.0079
2021-11-17,-0.0145
2021-11-18,-0.0226
2021-11-19,-0.0334
2021-11-22,0.0019
2021-11-23,0.0187
2021-11-24,0.0205
2021-11-25,
2021-11-26,-0.0483
2021-11-29,-0.0568
2021-11-30,-0.0822
2021-12-01,-0.0871
2021-12-02,-0.0782
2021-12-03,-0.1105
2021-12-06,-0.0920
2021-12-07,-0.0694
2021-12-08,-0.0593
2021-12-09,-0.0617
2021-12-10,-0.0641
2021-12-13,-0.0822
2021-12-14,-0.0789
2021-12-15,-0.0671
2021-12-16,-0.0875
2021-12-17,-0.0967
2021-12-20,-0.1022
2021-12-21,-0.0823
2021-12-22,-0.0814
2021-12-23,-0.0698
2021-12-24,
2021-12-27,-0.0696
2021-12-28,-0.0707
2021-12-29,-0.0501
2021-12-30,-0.0548
2021-12-31,-0.0588
2022-01-03,-0.0167
2022-01-04,0.0002
2022-01-05,0.0263
2022-01-06,0.0477
2022-01-07,0.0673
2022-01-10,0.0774
2022-01-11,0.0711
2022-01-12,0.0650
2022-01-13,0.0486
2022-01-14,0.0764
2022-01-17,
2022-01-18,0.1132
2022-01-19,0.1079
2022-01-20,0.1035
2022-01-21,0.0719
2022-01-24,0.0584
2022-01-25,0.0662
2022-01-26,0.1015
2022-01-27,0.0994
2022-01-28,0.0789
2022-01-31,0.0721
2022-02-01,0.0735
2022-02-02,0.0641
2022-02-03,0.0780
2022-02-04,0.1240
2022-02-07,0.1219
2022-02-08,0.1375
2022-02-09,0.1408
2022-02-10,0.1787
2022-02-11,0.1368
2022-02-14,0.1441
2022-02-15,0.1615
2022-02-16,0.1570
2022-02-17,0.1380
2022-02-18,0.1211
2022-02-21,
2022-02-22,0.1216
2022-02-23,0.1372
2022-02-24,0.1312
2022-02-25,0.1391
2022-02-28,0.0768
2022-03-01,0.0117
2022-03-02,0.0638
2022-03-03,0.0684
2022-03-04,0.0239
2022-03-07,0.0280
2022-03-08,0.0626
2022-03-09,0.0949
2022-03-10,0.1233
2022-03-11,0.1393
2022-03-14,0.1947
2022-03-15,0.2069
2022-03-16,0.2366
2022-03-17,0.2502
2022-03-18,0.2377
2022-03-21,0.2970
2022-03-22,0.3307
2022-03-23,0.3191
2022-03-24,0.3255
2022-03-25,0.3918
2022-03-28,0.3914
2022-03-29,0.3684
2022-03-30,0.3389
2022-03-31,0.3200
2022-04-01,0.3539
2022-04-04,0.3562
2022-04-05,0.4026
2022-04-06,0.4281
2022-04-07,0.4482
2022-04-08,0.4805
2022-04-11,0.4966
2022-04-12,0.4628
2022-04-13,0.4507
2022-04-14,0.4991
2022-04-15,
2022-04-18,0.5119
2022-04-19,0.5547
2022-04-20,0.5389
2022-04-21,0.5622
2022-04-22,0.5622
2022-04-25,0.5100
2022-04-26,0.4752
2022-04-27,0.4848
2022-04-28,0.5063
2022-04-29,0.5340
2022-05-02,0.5674
2022-05-03,0.5728
2022-05-04,0.5500
2022-05-05,0.5935
2022-05-06,0.6330
2022-05-09,0.5996
2022-05-10,0.5752
2022-05-11,0.5519
2022-05-12,0.5079
2022-05-13,0.5264
2022-05-16,0.4971
2022-05-17,0.5312
2022-05-18,0.5054
2022-05-19,0.4799
2022-05-20,0.4552
2022-05-23,0.4769
2022-05-24,0.4340
2022-05-25,0.4152
2022-05-26,0.4094
2022-05-27,0.4099
2022-05-30,
2022-05-31,0.4417
2022-06-01,0.4892
2022-06-02,0.4907
2022-06-03,0.4997
2022-06-06,0.5301
2022-06-07,0.5151
2022-06-08,0.5239
2022-06-09,0.5314
2022-06-10,0.5873
2022-06-13,0.6825
2022-06-14,0.7001
2022-06-15,0.6176
2022-06-16,0.5840
2022-06-17,0.5783
2022-06-20,
2022-06-21,0.5830
2022-06-22,0.5207
2022-06-23,0.4726
2022-06-24,0.4663
2022-06-27,0.4825
2022-06-28,0.4837
2022-06-29,0.4462
2022-06-30,0.3890
2022-07-01,0.3228
2022-07-04,
2022-07-05,0.2772
2022-07-06,0.3081
2022-07-07,0.3386
2022-07-08,0.3757
2022-07-11,0.3286
2022-07-12,0.2901
2022-07-13,0.2564
2022-07-14,0.2533
2022-07-15,0.2428
2022-07-18,0.2352
2022-07-19,0.2497
2022-07-20,0.2640
2022-07-21,0.2026
2022-07-22,0.1365
2022-07-25,0.1234
2022-07-26,0.1207
2022-07-27,0.1066
2022-07-28,0.0618
2022-07-29,0.0544
2022-08-01,0.0210
2022-08-02,0.0750
2022-08-03,0.0836
2022-08-04,0.0564
2022-08-05,0.1160
2022-08-08,0.0948
2022-08-09,0.0996
2022-08-10,0.0895
2022-08-11,0.1194
2022-08-12,0.1210
2022-08-15,0.0934
2022-08-16,0.1000
2022-08-17,0.1331
2022-08-18,0.1326
2022-08-19,0.1691
2022-08-22,0.1955
2022-08-23,0.2065
2022-08-24,0.2325
2022-08-25,0.2090
2022-08-26,0.2142
2022-08-29,0.2304
2022-08-30,0.2329
2022-08-31,0.2419
2022-09-01,0.2854
2022-09-02,0.2692
2022-09-05,
2022-09-06,0.3095
2022-09-07,0.2906
2022-09-08,0.2937
2022-09-09,0.3072
2022-09-12,0.3100
2022-09-13,0.3268
2022-09-14,0.3222
2022-09-15,0.3397
2022-09-16,0.3342
2022-09-19,0.3390
2022-09-20,0.3660
2022-09-21,0.3618
2022-09-22,0.4323
2022-09-23,0.4584
2022-09-26,0.5291
2022-09-27,0.5774
2022-09-28,0.4845
2022-09-29,0.4863
2022-09-30,0.5169
2022-10-03,0.4509
2022-10-04,0.4088
2022-10-05,0.4514
2022-10-06,0.4908
2022-10-07,0.5241
2022-10-10,
2022-10-11,0.5328
2022-10-12,0.5180
2022-10-13,0.5380
2022-10-14,0.5487
2022-10-17,0.5333
2022-10-18,0.5091
2022-10-19,0.5475
2022-10-20,0.5903
2022-10-21,0.5784
2022-10-24,0.5835
2022-10-25,0.5380
2022-10-26,0.5040
2022-10-27,0.4638
2022-10-28,0.4838
2022-10-31,0.5055
2022-11-01,0.5052
2022-11-02,0.5110
2022-11-03,0.5325
2022-11-04,0.5394
2022-11-07,0.5583
2022-11-08,0.5282
2022-11-09,0.5127
2022-11-10,0.3746
2022-11-11,
2022-11-14,0.3593
2022-11-15,0.3227
2022-11-16,0.2659
2022-11-17,0.2864
2022-11-18,0.3073
2022-11-21,0.3176
2022-11-22,0.2838
2022-11-23,0.2493
2022-11-24,
2022-11-25,0.2252
2022-11-28,0.2188
2022-11-29,0.2343
2022-11-30,0.1996
2022-12-01,0.1372
2022-12-02,0.1190
2022-12-05,0.1541
2022-12-06,0.1251
2022-12-07,0.0796
2022-12-08,0.1027
2022-12-09,0.1316
2022-12-12,0.1474
2022-12-13,0.0979
2022-12-14,0.0833
2022-12-15,0.0693
2022-12-16,0.0716
2022-12-19,0.1055
2022-12-20,0.1552
2022-12-21,0.1712
2022-12-22,0.1782
2022-12-23,0.2097
2022-12-26,
2022-12-27,0.2482
2022-12-28,0.2671
2022-12-29,0.2607
2022-12-30,0.2801
2023-01-02,
2023-01-03,0.2448
2023-01-04,0.1936
2023-01-05,0.1847
2023-01-06,0.1036
2023-01-09,0.0675
2023-01-10,0.0817
2023-01-11,0.0591
2023-01-12,0.0107
2023-01-13,0.0217
2023-01-16,
2023-01-17,0.0258
2023-01-18,-0.0393
2023-01-19,-0.0412
2023-01-20,-0.0137
2023-01-23,0.0098
2023-01-24,-0.0043
2023-01-25,-0.0108
2023-01-26,0.0027
2023-01-27,0.0167
2023-01-30,0.0344
2023-01-31,0.0255
2023-02-01,-0.0305
2023-02-02,-0.0405
2023-02-03,0.0174
2023-02-06,0.0693
2023-02-07,0.0942
2023-02-08,0.0919
2023-02-09,0.1050
2023-02-10,0.1324
2023-02-13,0.1280
2023-02-14,0.1512
2023-02-15,0.1880
2023-02-16,0.1943
2023-02-17,0.1817
2023-02-20,
2023-02-21,0.2253
2023-02-22,0.2457
2023-02-23,0.2362
2023-02-24,0.2691
2023-02-27,0.2610
2023-02-28,0.2580
2023-03-01,0.2929
2023-03-02,0.3251
2023-03-03,0.3012
2023-03-06,0.2844
2023-03-07,0.2848
2023-03-08,0.2799
2023-03-09,0.2372
2023-03-10,0.1327
2023-03-13,0.0372
2023-03-14,0.0720
2023-03-15,0.0324
2023-03-16,0.0720
2023-03-17,0.0156
2023-03-20,0.0386
2023-03-21,0.0934
2023-03-22,0.0371
2023-03-23,-0.0229
2023-03-24,-0.0271
2023-03-27,0.0321
2023-03-28,0.0575
2023-03-29,0.0723
2023-03-30,0.0593
2023-03-31,0.0305
2023-04-03,-0.0103
2023-04-04,-0.0603
2023-04-05,-0.0870
2023-04-06,-0.0988
2023-04-07,-0.0650
2023-04-10,-0.0614
2023-04-11,-0.0554
2023-04-12,-0.0744
2023-04-13,-0.0647
2023-04-14,-0.0316
2023-04-17,-0.0001
2023-04-18,-0.0012
2023-04-19,0.0082
2023-04-20,-0.0156
2023-04-21,-0.0079
2023-04-24,-0.0317
2023-04-25,-0.0912
2023-04-26,-0.0899
2023-04-27,-0.0424
2023-04-28,-0.0635
2023-05-01,-0.0289
2023-05-02,-0.0880
2023-05-03,-0.1313
2023-05-04,-0.1615
2023-05-05,-0.1285
2023-05-08,-0.0927
2023-05-09,-0.0816
2023-05-10,-0.1165
2023-05-11,-0.1353
2023-05-12,-0.1103
2023-05-15,-0.0960
2023-05-16,-0.0738
2023-05-17,-0.0543
2023-05-18,-0.0172
2023-05-19,0.0112
2023-05-22,0.0144
2023-05-23,0.0106
2023-05-24,0.0168
2023-05-25,0.0650
2023-05-26,0.0776
2023-05-29,
2023-05-30,0.0236
2023-05-31,-0.0186
2023-06-01,-0.0441
2023-06-02,-0.0067
2023-06-05,-0.0018
2023-06-06,0.0072
2023-06-07,0.0486
2023-06-08,0.0363
2023-06-09,0.0509
2023-06-12,0.0448
2023-06-13,0.0879
2023-06-14,0.1029
2023-06-15,0.0598
2023-06-16,0.0709
2023-06-19,
2023-06-20,0.0548
2023-06-21,0.0411
2023-06-22,0.0653
2023-06-23,0.0540
2023-06-26,0.0355
2023-06-27,0.0485
2023-06-28,0.0273
2023-06-29,0.0960
2023-06-30,0.1019
2023-07-03,0.1221
2023-07-04,
2023-07-05,0.1531
2023-07-06,0.2043
2023-07-07,0.2180
2023-07-10,0.1862
2023-07-11,0.1741
2023-07-12,0.1097
2023-07-13,0.0474
2023-07-14,0.0617
2023-07-17,0.0540
2023-07-18,0.0450
2023-07-19,0.0259
2023-07-20,0.0598
2023-07-21,0.0685
2023-07-24,0.0889
2023-07-25,0.1136
2023-07-26,0.1016
2023-07-27,0.1536
2023-07-28,0.1433
2023-07-31,0.1462
2023-08-01,0.1782
2023-08-02,0.1871
2023-08-03,0.2234
2023-08-04,0.1767
2023-08-07,0.1763
2023-08-08,0.1501
2023-08-09,0.1469
2023-08-10,0.1804
2023-08-11,0.2238
2023-08-14,0.2442
2023-08-15,0.2570
2023-08-16,0.2845
2023-08-17,0.3002
2023-08-18,0.2909
2023-08-21,0.3190
2023-08-22,0.3440
2023-08-23,0.2849
2023-08-24,0.2810
2023-08-25,0.2870
2023-08-28,0.2680
2023-08-29,0.2235
2023-08-30,0.2192
2023-08-31,0.2064
2023-09-01,0.2341
2023-09-04,
2023-09-05,0.2709
2023-09-06,0.3118
2023-09-07,0.2928
2023-09-08,0.2894
2023-09-11,0.2943
2023-09-12,0.2912
2023-09-13,0.2823
2023-09-14,0.2937
2023-09-15,0.3248
2023-09-18,0.3342
2023-09-19,0.3539
2023-09-20,0.3546
2023-09-21,0.4021
2023-09-22,0.4001
2023-09-25,0.4318
2023-09-26,0.4471
2023-09-27,0.4779
2023-09-28,0.4720
2023-09-29,0.4700
2023-10-02,0.5083
2023-10-03,0.5610
2023-10-04,0.5429
2023-10-05,0.5338
2023-10-06,0.5494
2023-10-09,
2023-10-10,0.5082
2023-10-11,0.4753
2023-10-12,0.5158
2023-10-13,0.5009
2023-10-16,0.5280
2023-10-17,0.5866
2023-10-18,0.6229
2023-10-19,0.6589
2023-10-20,0.6484
2023-10-23,0.6222
2023-10-24,0.6140
2023-10-25,0.6527
2023-10-26,0.6267
2023-10-27,0.6091
2023-10-30,0.6183
2023-10-31,0.6231
2023-11-01,0.5727
2023-11-02,0.5361
2023-11-03,0.4743
2023-11-06,0.4988
2023-11-07,0.4733
2023-11-08,0.4517
2023-11-09,0.5006
2023-11-10,0.5113
2023-11-13,0.5159
2023-11-14,0.4265
2023-11-15,0.4434
2023-11-16,0.4159
2023-11-17,0.4088
2023-11-20,0.3965
2023-11-21,0.3857
2023-11-22,0.3873
2023-11-23,
2023-11-24,0.4162
2023-11-27,0.3827
2023-11-28,0.3486
2023-11-29,0.3149
2023-11-30,0.3449
2023-12-01,0.2922
2023-12-04,0.3084
2023-12-05,0.2737
2023-12-06,0.2458
2023-12-07,0.2399
2023-12-08,0.2801
2023-12-11,0.2898
2023-12-12,0.2781
2023-12-13,0.2019
2023-12-14,0.1418
2023-12-15,0.1259
2023-12-18,0.1320
2023-12-19,0.1308
2023-12-20,0.1007
2023-12-21,0.1039
2023-12-22,0.1065
2023-12-25,
2023-12-26,0.1095
2023-12-27,0.0681
2023-12-28,0.0756
2023-12-29,0.0917
2024-01-01,
2024-01-02,0.1253
2024-01-03,0.1200
2024-01-04,0.1492
2024-01-05,0.1779
2024-01-08,0.1683
2024-01-09,0.1689
2024-01-10,0.1764
2024-01-11,0.1524
2024-01-12,0.1305
2024-01-15,
2024-01-16,0.1744
2024-01-17,0.2078
2024-01-18,0.2274
2024-01-19,0.2423
2024-01-22,0.2253
2024-01-23,0.2338
2024-01-24,0.2518
2024-01-25,0.2376
2024-01-26,0.2461
2024-01-29,0.2142
2024-01-30,0.2101
2024-01-31,0.1709
2024-02-01,0.1127
2024-02-02,0.1699
2024-02-05,0.2345
2024-02-06,0.2160
2024-02-07,0.2190
2024-02-08,0.2472
2024-02-09,0.2606
2024-02-12,0.2603
2024-02-13,0.3229
2024-02-14,0.3169
2024-02-15,0.3048
2024-02-16,0.3265
2024-02-19,
2024-02-20,0.3179
2024-02-21,0.3354
2024-02-22,0.3464
2024-02-23,0.3216
2024-02-26,0.3240
2024-02-27,0.3332
2024-02-28,0.3191
2024-02-29,0.3095
2024-03-01,0.2769
2024-03-04,0.2855
2024-03-05,0.2527
2024-03-06,0.2334
2024-03-07,0.2143
2024-03-08,0.2060
2024-03-11,0.2089
2024-03-12,0.2352
2024-03-13,0.2530
2024-03-14,0.2993
2024-03-15,0.3209
2024-03-18,0.3378
2024-03-19,0.3261
2024-03-20,0.3088
2024-03-21,0.3083
2024-03-22,0.2852
2024-03-25,0.2927
2024-03-26,0.2909
2024-03-27,0.2735
2024-03-28,0.2732
2024-03-29,
2024-04-01,0.3193
2024-04-02,0.3425
2024-04-03,0.3469
2024-04-04,0.3344
2024-04-05,0.3620
2024-04-08,0.3830
2024-04-09,0.3656
2024-04-10,0.4428
2024-04-11,0.4587
2024-04-12,0.4395
2024-04-15,0.4788
2024-04-16,0.5079
2024-04-17,0.4851
2024-04-18,0.5035
2024-04-19,0.4994
2024-04-22,0.4998
2024-04-23,0.4891
2024-04-24,0.5016
2024-04-25,0.5289
2024-04-26,0.5243
2024-04-29,0.5058
2024-04-30,0.5251
2024-05-01,0.4993
2024-05-02,0.4716
2024-05-03,0.4325
2024-05-06,0.4198
2024-05-07,0.4076
2024-05-08,0.4154
2024-05-09,0.4045
2024-05-10,0.4191
2024-05-13,0.4164
2024-05-14,0.4013
2024-05-15,0.3575
2024-05-16,0.3624
2024-05-17,0.3742
2024-05-20,0.3837
2024-05-21,0.3755
2024-05-22,0.3795
2024-05-23,0.4075
2024-05-24,0.4142
2024-05-27,
2024-05-28,0.4321
2024-05-29,0.4745
2024-05-30,0.4626
2024-05-31,0.4418
2024-06-03,0.3898
2024-06-04,0.3464
2024-06-05,0.3195
2024-06-06,0.3051
2024-06-07,0.3606
2024-06-10,0.3930
2024-06-11,0.3683
2024-06-12,0.3297
2024-06-13,0.2893
2024-06-14,0.2714
2024-06-17,0.2908
2024-06-18,0.2730
2024-06-19,
2024-06-20,0.2803
2024-06-21,0.2839
2024-06-24,0.2849
2024-06-25,0.2800
2024-06-26,0.3123
2024-06-27,0.3089
2024-06-28,0.3312
2024-07-01,0.3852
2024-07-02,0.3806
2024-07-03,0.3540
2024-07-04,
2024-07-05,0.3110
2024-07-08,0.3012
2024-07-09,0.3072
2024-07-10,0.3041
2024-07-11,0.2670
2024-07-12,0.2534
2024-07-15,0.2683
2024-07-16,0.2525
2024-07-17,0.2433
2024-07-18,0.2586
2024-07-19,0.2807
2024-07-22,0.2932
2024-07-23,0.2906
2024-07-24,0.2998
2024-07-25,0.3036
2024-07-26,0.2767
2024-07-29,0.2624
2024-07-30,0.2501
2024-07-31,0.2197
2024-08-01,0.1693
2024-08-02,0.0817
2024-08-05,0.0646
2024-08-06,0.1070
2024-08-07,0.1439
2024-08-08,0.1695
2024-08-09,0.1631
2024-08-12,0.1425
2024-08-13,0.1108
2024-08-14,0.0962
2024-08-15,0.1357
2024-08-16,0.1321
2024-08-19,0.1237
2024-08-20,0.1034
2024-08-21,0.0852
2024-08-22,0.1121
2024-08-23,0.0954
2024-08-26,0.1009
2024-08-27,0.1081
2024-08-28,0.1158
2024-08-29,0.1294
2024-08-30,0.1480
2024-09-02,
2024-09-03,0.1265
2024-09-04,0.0898
2024-09-05,0.0748
2024-09-06,0.0613
2024-09-09,0.0574
2024-09-10,0.0379
2024-09-11,0.0355
2024-09-12,0.0478
2024-09-13,0.0435
2024-09-16,0.0425
2024-09-17,0.0565
2024-09-18,0.0886
2024-09-19,0.1128
2024-09-20,0.1241
2024-09-23,0.1437
2024-09-24,0.1470
2024-09-25,0.1710
2024-09-26,0.1874
2024-09-27,0.1709
2024-09-30,0.1945
2024-10-01,0.1739
2024-10-02,0.1859
2024-10-03,0.2171
2024-10-04,0.2854
2024-10-07,0.3202
2024-10-08,0.3255
2024-10-09,0.3424
2024-10-10,0.3499
2024-10-11,0.3485
2024-10-14,
2024-10-15,0.3333
2024-10-16,0.3249
2024-10-17,0.3495
2024-10-18,0.3490
2024-10-21,0.3916
2024-10-22,0.4123
2024-10-23,0.4356
2024-10-24,0.4330
2024-10-25,0.4467
2024-10-28,0.4666
2024-10-29,0.4720
2024-10-30,0.4842
2024-10-31,0.4890
2024-11-01,0.5269
2024-11-04,0.5158
2024-11-05,0.5071
2024-11-06,0.5564
2024-11-07,0.5284
2024-11-08,0.5171
2024-11-11,
2024-11-12,0.5608
2024-11-13,0.5745
2024-11-14,0.5777
2024-11-15,0.5757
2024-11-18,0.5689
2024-11-19,0.5548
2024-11-20,0.5547
2024-11-21,0.5642
2024-11-22,0.5626
2024-11-25,0.5048
2024-11-26,0.5022
2024-11-27,0.4783
2024-11-28,
2024-11-29,0.4489
2024-12-02,0.4453
2024-12-03,0.4605
2024-12-04,0.4537
2024-12-05,0.4479
2024-12-06,0.4390
2024-12-09,0.4540
2024-12-10,0.4686
2024-12-11,0.4941
2024-12-12,0.5276
2024-12-13,0.5706
2024-12-16,0.5798
2024-12-17,0.5854
2024-12-18,0.6412
2024-12-19,0.6778
2024-12-20,0.6682
2024-12-23,0.6941
2024-12-24,0.7009
2024-12-25,
2024-12-26,0.6968
2024-12-27,0.7141
2024-12-30,0.6861
2024-12-31,0.6872
2025-01-01,
2025-01-02,0.6851
2025-01-03,0.7016
2025-01-06,0.7121
2025-01-07,0.7356
2025-01-08,0.7392
2025-01-09,0.7465
2025-01-10,0.7964
2025-01-13,0.8131
2025-01-14,0.8122
2025-01-15,0.7574
2025-01-16,0.7249
2025-01-17,0.7198
2025-01-20,
2025-01-21,0.7033
2025-01-22,0.7071
2025-01-23,0.7212
2025-01-24,0.7192
2025-01-27,0.6816
2025-01-28,0.6771
2025-01-29,0.6807
2025-01-30,0.6646
2025-01-31,0.6836
2025-02-03,0.6733
2025-02-04,0.6598
2025-02-05,0.6215
2025-02-06,0.6200
2025-02-07,0.6365
2025-02-10,0.6387
2025-02-11,0.6508
2025-02-12,0.6974
2025-02-13,0.6705
2025-02-14,0.6417
2025-02-17,
2025-02-18,0.6620
2025-02-19,0.6570
2025-02-20,0.6477
2025-02-21,0.6161
2025-02-24,0.6017
2025-02-25,0.5570
2025-02-26,0.5249
2025-02-27,0.5274
2025-02-28,0.5063
2025-03-03,0.4751
2025-03-04,0.4880
2025-03-05,0.5178
2025-03-06,0.5284
2025-03-07,0.5439
2025-03-10,0.5083
2025-03-11,0.5213
2025-03-12,0.5432
2025-03-13,0.5271
2025-03-14,0.5449
2025-03-17,0.5498
2025-03-18,0.5379
2025-03-19,0.5183
2025-03-20,0.5060
2025-03-21,0.5056
2025-03-24,0.5424
2025-03-25,0.5406
2025-03-26,0.5522
2025-03-27,0.5627
2025-03-28,0.5214
2025-03-31,0.4988
2025-04-01,0.4715
2025-04-02,0.4775
2025-04-03,0.4094
2025-04-04,0.3821
2025-04-07,0.4271
2025-04-08,0.4769
2025-04-09,0.5436
2025-04-10,0.5682
2025-04-11,0.6161
2025-04-14,0.5794
2025-04-15,0.5580
2025-04-16,0.5230
2025-04-17,0.5337
2025-04-18,
2025-04-21,0.5565
2025-04-22,0.5668
2025-04-23,0.5721
2025-04-24,0.5396
2025-04-25,0.5131
2025-04-28,0.4805
2025-04-29,0.4541
2025-04-30,0.4350
2025-05-01,0.4655
2025-05-02,0.5073
2025-05-05,0.5260
2025-05-06,0.5164
2025-05-07,0.4997
2025-05-08,0.5413
2025-05-09,0.5503
2025-05-12,0.5831
2025-05-13,0.6037
2025-05-14,0.6244
2025-05-15,0.5938
2025-05-16,0.5836
2025-05-19,0.5841
2025-05-20,0.5899
2025-05-21,0.6288
2025-05-22,0.6269
2025-05-23,0.6166
2025-05-26,
2025-05-27,0.5841
2025-05-28,0.5896
2025-05-29,0.5670
2025-05-30,0.5515
2025-06-02,0.5658
2025-06-03,0.5748
2025-06-04,0.5365
2025-06-05,0.5455
2025-06-06,0.5974
2025-06-09,0.5971
2025-06-10,0.5905
2025-06-11,0.5636
2025-06-12,0.5341
2025-06-13,0.5497
2025-06-16,0.5672
2025-06-17,0.5474
2025-06-18,0.5408
2025-06-19,
2025-06-20,0.5356
2025-06-23,0.5165
2025-06-24,0.4965
2025-06-25,0.4883
2025-06-26,0.4708
2025-06-27,0.4816
2025-06-30,0.4603
2025-07-01,0.4684
2025-07-02,0.4842
2025-07-03,0.5108
2025-07-04,
2025-07-07,0.5283
2025-07-08,0.5427
2025-07-09,0.5174
2025-07-10,0.5160
2025-07-11,0.5452
2025-07-14,0.5510
2025-07-15,0.5801
2025-07-16,0.5693
2025-07-17,0.5747
2025-07-18,0.5610
2025-07-21,0.5355
2025-07-22,0.5143
2025-07-23,0.5293
2025-07-24,0.5440
2025-07-25,0.5362
2025-07-28,0.5445
2025-07-29,0.5153
2025-07-30,0.5270
2025-07-31,0.5262
2025-08-01,0.4649
2025-08-04,0.4505
2025-08-05,0.4544
2025-08-06,0.4600
2025-08-07,0.4718
2025-08-08,0.4913
2025-08-11,0.4940
2025-08-12,0.4995
2025-08-13,0.4832
2025-08-14,0.5004
2025-08-15,0.5191
2025-08-18,0.5260
2025-08-19,0.5161
2025-08-20,0.5070
2025-08-21,0.5225
2025-08-22,0.4939
2025-08-25,0.5008
2025-08-26,0.4893
2025-08-27,0.4805
2025-08-28,0.4717
2025-08-29,0.4727
2025-09-01,
2025-09-02,0.4948
2025-09-03,0.4794
2025-09-04,0.4594
2025-09-05,0.4360
2025-09-08,0.4207
2025-09-09,0.4275
2025-09-10,0.4205
2025-09-11,0.4121
2025-09-12,0.4291
2025-09-15,0.4273
2025-09-16,0.4237
2025-09-17,0.4369
2025-09-18,0.4597
2025-09-19,0.4748
2025-09-22,0.4869
2025-09-23,0.4797
2025-09-24,0.4926
2025-09-25,0.5069
2025-09-26,0.5162
2025-09-29,0.5047
2025-09-30,0.5031
2025-10-01,0.4872
2025-10-02,0.4777
2025-10-03,0.4900
2025-10-06,0.5103
2025-10-07,0.5005
2025-10-08,0.5018
2025-10-09,0.5048
2025-10-10,0.4694
2025-10-13,
2025-10-14,0.4465
2025-10-15,0.4496
2025-10-16,0.4205
2025-10-17,0.4311
2025-10-20,0.4307
2025-10-21,0.4221
2025-10-22,0.4189
2025-10-23,0.4366
2025-10-24,0.4441
2025-10-27,0.4504
2025-10-28,0.4483
2025-10-29,0.4795
2025-10-30,0.4947
2025-10-31,0.4975
2025-11-03,0.4979
2025-11-04,0.4889
2025-11-05,0.5144
2025-11-06,0.4951
2025-11-07,0.4901
2025-11-10,0.4993
2025-11-11,
2025-11-12,0.4834
2025-11-13,0.4928
2025-11-14,0.5069
2025-11-17,0.5034
2025-11-18,0.4972
2025-11-19,0.4991
2025-11-20,0.4897
2025-11-21,0.4718
2025-11-24,0.4614
2025-11-25,0.4468
2025-11-26,0.4406
2025-11-27,
2025-11-28,0.4507
2025-12-01,0.4841
2025-12-02,0.4933
2025-12-03,0.4893
2025-12-04,0.5137
2025-12-05,0.5327
2025-12-08,0.5518
2025-12-09,0.5632
2025-12-10,0.5550
2025-12-11,0.5531
2025-12-12,0.5770
2025-12-15,0.5784
2025-12-16,0.5660
2025-12-17,0.5679
2025-12-18,0.5556
2025-12-19,0.5644
2025-12-22,0.5722
2025-12-23,0.5774
2025-12-24,0.5685
2025-12-25,
2025-12-26,0.5603
2025-12-29,0.5495
2025-12-30,0.5517
2025-12-31,0.5710
2026-01-01,
2026-01-02,0.5844
2026-01-05,0.5787
2026-01-06,0.5833
2026-01-07,0.5727
2026-01-08,0.5875
2026-01-09,0.5910
2026-01-12,0.5926
2026-01-13,0.5855
2026-01-14,0.5703
2026-01-15,0.5804
2026-01-16,0.6042
2026-01-19,
2026-01-20,0.6315
2026-01-21,0.6263
2026-01-22,0.6276
2026-01-23,0.6224
2026-01-26,0.6133
2026-01-27,0.6155
2026-01-28,0.6251
2026-01-29,0.6158
2026-01-30,0.6148
2026-02-02,0.6289
2026-02-03,0.6313
2026-02-04,0.6350
2026-02-05,0.6022
2026-02-06,0.5990
2026-02-09,0.5951
2026-02-10,0.5729
2026-02-11,0.5823
2026-02-12,0.5514
2026-02-13,0.5194
2026-02-16,
2026-02-17,0.5143
2026-02-18,0.5238
2026-02-19,0.5218
2026-02-20,0.5228
2026-02-23,0.4986
2026-02-24,0.4971
2026-02-25,0.5005
2026-02-26,0.4866
2026-02-27,0.4627
2026-03-02,0.4906
2026-03-03,0.5019
2026-03-04,0.5168
2026-03-05,0.5378
2026-03-06,0.5487
2026-03-09,0.5420
2026-03-10,0.5496
2026-03-11,0.5772
2026-03-12,0.6185
2026-03-13,0.6286
2026-03-16,0.6034
2026-03-17,0.5887
2026-03-18,0.6139
2026-03-19,0.6210
2026-03-20,0.6780
2026-03-23,0.6691
2026-03-24,0.6921
2026-03-25,0.6717
2026-03-26,0.7140
2026-03-27,0.7183
2026-03-30,0.6813
2026-03-31,0.6540
2026-04-01,0.6640
2026-04-02,0.6555
2026-04-03,0.6720
2026-04-06,0.6694
2026-04-07,0.6610
2026-04-08,0.6457
2026-04-09,0.6421
2026-04-10,0.6518
2026-04-13,0.6432
2026-04-14,0.6215
2026-04-15,0.6264
2026-04-16,0.6384
2026-04-17,0.6158
2026-04-20,0.6120
2026-04-21,0.6311
2026-04-22,0.6402
2026-04-23,0.6596
2026-04-24,0.6481
2026-04-27,0.6603
2026-04-28,0.6747
2026-04-29,0.7075
2026-04-30,0.7038
2026-05-01,0.7036
2026-05-04,0.7290
2026-05-05,0.7279
2026-05-06,0.6962
2026-05-07,0.7086
2026-05-08,0.6999
2026-05-11,0.7173
2026-05-12,0.7439
2026-05-13,0.7488
2026-05-14,0.7547
2026-05-15,0.8117
2026-05-18,0.8293
2026-05-19,0.8621
2026-05-20,0.8299
2026-05-21,0.8277
2026-05-22,0.8289
2026-05-25,
2026-05-26,0.7941
2026-05-27,0.7786
2026-05-28,0.7640
2026-05-29,0.7541
2026-06-01,0.7627
2026-06-02,0.7582
2026-06-03,0.7733
2026-06-04,0.7654
2026-06-05,0.8019
2026-06-08,0.8081
2026-06-09,0.7977
2026-06-10,0.8010
2026-06-11,0.7630
2026-06-12,0.7671
2026-06-15,0.7574
2026-06-16,0.7392
2026-06-17,0.7666
2026-06-18,0.7519
2026-06-19,
2026-06-22,0.7647
2026-06-23,0.7568
2026-06-24,0.7175
2026-06-25,0.6991
2026-06-26,0.6849
2026-06-29,0.6782
2026-06-30,0.6967
2026-07-01,0.7216
2026-07-02,0.7322
2026-07-03,
2026-07-06,0.7261
2026-07-07,0.7531
2026-07-08,0.7710
2026-07-09,0.7671
2026-07-10,0.7788
2026-07-13,0.8008
2026-07-14,0.7895
2026-07-15,0.7727
2026-07-16,0.7801
2026-07-17,0.7787
2026-07-20,0.7931
2026-07-21,0.8120
2026-07-22,0.8310
2026-07-23,0.8488
2026-07-24,0.8384
2026-07-27,0.8208
2026-07-28,0.7998
2026-07-29,0.8181
2026-07-30,0.8330
2026-07-31,0.8681
2026-08-03,0.8531
2026-08-04,0.8216
2026-08-05,0.8130
2026-08-06,0.8361
2026-08-07,0.8257
2026-08-10,0.8488
2026-08-11,0.8479
2026-08-12,0.8438
2026-08-13,0.8233
2026-08-14,0.8393
2026-08-17,0.8536
2026-08-18,0.8549
2026-08-19,0.8378
2026-08-20,0.8478
2026-08-21,0.8682
2026-08-24,0.8631
2026-08-25,0.8347
2026-08-26,0.8394
2026-08-27,0.8472
2026-08-28,0.8756
2026-08-31,0.8803
2026-09-01,0.8997
2026-09-02,0.8992
2026-09-03,0.8812
2026-09-04,0.8892
2026-09-07,
2026-09-08,0.8919
2026-09-09,0.9002
2026-09-10,0.9481
2026-09-11,0.9610
2026-09-14,0.9590
2026-09-15,0.9641
2026-09-16,0.9719
2026-09-17,0.9396
2026-09-18,0.9595
2026-09-21,0.9416
2026-09-22,0.9344
2026-09-23,0.9932
2026-09-24,1.0251
2026-09-25,1.0203
